1,Big Ben,en
2,Difficulte duriner,fr
3,ileU-Bahn Rhein Main Map,en
4,.smd,en
5,CSI,en
6,Cafe Nell,en
7,future cup,en
8,Jezus redt,nl
9,Miss James,en
10,norges bank,en
11,Paul Gauguin,en
12,vlogger,en
13,yemen war,en
14,1LIVE,en
15,2PAC SHAKUR,en
16,5g,en
17,11q!,en
18,19 flashing cement,en
19,70s purse,en
20,170cal,en
21,1853 год,ru
22,2006 suburban door handle broken,en
23,2008 ausgust 24,en
24,2014 IN PAINT,en
25,3970,en
26,A.S. Mopeli-Paulus,en
27,aceti,en
28,Achuar people of Ecuador,en
29,ACTIVE SITE,en
30,Actors of uzalo,en
31,actress Valérie Maës,en
32,Actualite de france,fr
33,address of Afghanistan air base,en
34,adenocarcinoma,en
35,adenoides,en
36,adobe audition icon,en
37,AFRICA ANTIGA,en
38,agamemnon george e. koronaios,en
39,Agnolo gaddi storie della vera croce,it
40,aika,fi
41,airstrip,en
42,Aivazovsky,en
43,Aktuelle werbung bei hofer,de
44,Albert Swasey,en
45,Albus Dumbledore,en
46,alert,en
47,alexandrai ocasio cortes,en
48,Alexkrakovsky,en
49,All Saints church at Ockham.,en
50,aloha oe sheet music,en
51,alte und neue energie,de
52,alun alun kidul,ms
53,alzheimer,en
54,amber heard,en
55,american famr,en
56,"Amherst, Colorado",en
57,amtsgericht hamburg,de
58,Analog signal,en
59,ancient plague,en
60,andray blatche,en
61,androcles and the lion,en
62,animal crossing blanca,en
63,Anne Whitfield,en
64,Ano Humano,es
65,anpha-d- fructosefuranose,en
66,Ants goddess,en
67,Apple PowerMac G4 M8493,en
68,Applebee’s,en
69,aquarium messages,en
70,Arbeitsicherheit,de
71,arcadian or pastoral state,en
72,Army ranger,en
73,arnaldo tamburini,en
74,Articulaciones raquídeas,es
75,artificial ponds in ontario,en
76,as/400,en
77,Asclepian temple,en
78,asian giant hornet,en
79,assistant,en
80,Astoria – Ditmars Boulevard,en
81,atari logo,en
82,Atherinomorus duodecimalis,en
83,audain gallery,en
84,Azusa nakano,en
85,b 2 spirit,en
86,B-STOCK,en
87,Babalu Tacos and Tapas,en
88,Balzac,en
89,bamen,en
90,bandera de chile,es
91,"Battlement Mesa, Colorado",en
92,BB lo,en
93,behror,en
94,belly,en
95,bengali marriage,en
96,Berlin 1920,en
97,beverage,en
98,beverly hills cop,en
99,Bhagat Singh koshiyari,en
100,bibliothèque hotel de ville,fr
101,Bill Russel,en
102,Billy Corgan,en
103,Binghamton basketball,en
104,biología molecular,es
105,Birthday poam,en
106,bjk,en
107,blank map europe,en
108,Bleach anime,en
109,BLIDA,en
110,blütendiagramme,de
111,bmw b38,en
112,board,en
113,bob kulick,en
114,Body paint,en
115,BOEHME,en
116,Boeing 307 Stratoliner,en
117,Bombardeos,es
118,bomber,en
119,book of ezra,en
120,book of revelation,en
121,bords de marne,fr
122,Botox,en
123,Bq Mercury,en
124,BRAZIL BLANK MAP DE FELIPE MEDEGAZ,en
125,Brentford 88,en
126,brief encounter,en
127,BRIGHTON PAVILLION,en
128,Bugler colour patch,en
129,bunker hill monument,en
130,burney falls,en
131,"Burnham, Maine",en
132,calcutta music,en
133,califato de cordoba,es
134,Camel Cigarette,en
135,camera svg,en
136,canadian gun pit,en
137,Cape Horn Memorial,en
138,cappella canigiani,it
139,Caputh Palace,en
140,Carribean map,en
141,Carta da parati,it
142,carulli,en
143,cats ancient egypt,en
144,Cayo Julio César (senador),es
145,černobyl,cs
146,chamarita,pt
147,chaos magic,en
148,chapeau napoleon,fr
149,chapmans peak drive,en
150,Charles I. of England,en
151,chemical plant,en
152,Cherry County,en
153,cherven,en
154,chess rook,en
155,cheuge eglise,fr
156,chiropractor,en
157,Cho yiu chuen,en
158,choque de cultura,es
159,chora anastatsis,en
160,chris rockway,en
161,chrobrzu,pl
162,Chrysta castaneda,en
163,Church of Saint Anne,en
164,cielo wigle,en
165,Circadian immunology,en
166,citizen eco,en
167,clapping hands,en
168,Claude febussey bio,en
169,Clay cross tunnel,en
170,clonagem,pt
171,Clube Atletico Mineiro,pt
172,CMA CGM Otello,en
173,CMENTARZ parafijalny,pl
174,coats of arms with mistakes,en
175,cod 2 zombies,en
176,codex,en
177,cognitive diversity,en
178,Coleophora acamtopappi,en
179,collaborate,en
180,Colors on Kia Soul cars,en
181,Comarca Campurriana,es
182,Community Remembrance Project Coalition,en
183,computer office,en
184,containing Pedra da Gavea,en
185,convertible top,en
186,corona virus,en
187,Corona virus,en
188,Corse les sanguinaires,fr
189,cosimo tura,en
190,Cosmic art,en
191,Coupons for Krispy Kreme,en
192,covers of the netherlands,en
193,covid,en
194,Cranbourne William St,en
195,crossbowman,en
196,Cusseta Georgia,en
197,cv6 location,en
198,damien siobud,en
199,daniel ramamoorthy,en
200,Darling Harbor,en
201,darwin's moth,en
202,Darwinismus,en
203,dave meggysey,en
204,davel,en
205,david auerbach,en
206,David myrick,en
207,DAVIS STATION MBTA,en
208,ddg-1,en
209,decisive moment,en
210,Deckakt,de
211,degnemose,en
212,Delaware jimmy,en
213,demi-stags in heraldry,en
214,denkmal bücherverbrennung,de
215,dépôt de marcq,fr
216,derry guildhall staircase,en
217,desert tortoise,en
218,design room,en
219,deslination,en
220,details on aroplane engine,en
221,Dgk kalma coke,en
222,dhmu,en
223,diagrama,es
224,Diego Rivera mural,en
225,Dilschhausen (Marburg),en
226,diocese of baguio,en
227,dispersed settlement,en
228,dna transcription,en
229,dolce vita,en
230,donation box,en
231,double check computer,en
232,doug ford,en
233,Down blouse,en
234,Down load messanger,en
235,Eastern_Towhee_(14019905671),en
236,ecbaej4,en
237,egyptian design,en
238,El morro veracrud mostrar abarrotes y talleres,es
239,electroencephalogram (EEG) pen recorder,en
240,elephant seal,en
241,elie char,en
242,elisabeth beling,en
243,elves and the shoemaker,en
244,empress cao song dynasty,en
245,empty glass,en
246,Emqualiz,en
247,endless scream,en
248,English class,en
249,Ennio morricone,en
250,entalglement,en
251,Enzo simi,en
252,EPA logo,en
253,epastudio.jpg,en
254,epiphyte,en
255,"Eppo Doeve (Dutch, 1907 - 1982) ""Volcanic Landscape"" (1940) Oil on board (125 x 144 cm) Private Collection.",en
256,eskadtra wywiadowcza kijów,pl
257,Español sancho panza sigloXXI,es
258,estonian stamp,en
259,eth bib susten,en
260,ETH-BIB-Sempach-LBS H1-016844.tif,en
261,Ethenzamide,en
262,ethiopian democratic party,en
263,europe map,en
264,extinct cephalopoda fossil,en
265,"F. Ruysch,  Thesaurus anatomicus primus",en
266,face of christ,en
267,Facebook - Update Your Name notification.jpg,en
268,Faith bacon,en
269,false mark,en
270,fandango logo,en
271,fanny appleton,en
272,fantasia on a thee,en
273,far left,en
274,Färentuna,en
275,faros American deserts,en
276,Felicity Ohio,en
277,fgm burkina faso,en
278,Ficus christianii,en
279,fields of green,en
280,fkk,en
281,flag of country,en
282,flag of norway,en
283,flooded road,en
284,Flour tortilla,en
285,flu 1918,en
286,Ford bantam,en
287,format ooui,en
288,fort fincastle,en
289,forum of trajan,en
290,foto 1916- alemases em busca de laimentos em berlim,pt
291,Foucault Pendel,de
292,François Bassaget,en
293,Frank Bartley,en
294,freshdesk,en
295,friedliche revolution,de
296,full adder logic,en
297,Fumizuki,en
298,funniest animals,en
299,GAAD,en
300,gachet gogh,en
301,gaga gothic,en
302,gare d'albertville,fr
303,garments workers in india,en
304,GASCHROMATOGRAFIE,nl
305,gaśnica,pl
306,Gasolinera de usan,es
307,Gasosel airplane,en
308,gastrointestinal,en
309,Gaya city,en
310,general orders No 3,en
311,general weigt,en
312,george floyd,en
313,George Jacobs accused by his granddaughter,en
314,George V,en
315,Gereja Yesus Kristus Orang Suci Zaman Akhir,id
316,Gerhard Zinke,en
317,geschichtliche grundbegriffe,de
318,Gestion des risques,fr
319,Ghost - Fantasma,en
320,gladys walton,en
321,glinklope,en
322,Gloster F.5  34,en
323,Gloucester at Twilight,en
324,Glow up bbc,en
325,goddess rea,en
326,google logo,en
327,google pay,en
328,grade 1 math,en
329,gräkobaktrisches reich,de
330,Gran Muralla China,es
331,Graphemes to phonemes,en
332,graviton,en
333,greek pottery,en
334,grigas london,en
335,Grishn1079,en
336,grosser kudu hellabrunn tragelaphus,nl
337,Gruber,en
338,gulf states,en
339,guntschna,en
340,habsburg arms,en
341,Haemisphaerium stellatum,en
342,hannah,en
343,häuser,en
344,"Hazrat Nusaybah bint Ka'ab, also known as Umm ʿAmmarah",en
345,heart strings,en
346,hearth,en
347,henderson nv,en
348,Hep,en
349,heptogen,en
350,herman talmadge,en
351,Hi-hat,en
352,hindi god,en
353,hindu manuscripts,en
354,Hippellozoon novaezelandiae,en
355,HMS WESTMINSTER,en
356,Hou Xianguang,en
357,house wives of cheshire,en
358,hplc,en
359,Hungani Ndlovu,en
360,hungary vecihle id,en
361,Hungerford canal,en
362,hunt,en
363,huntly power,en
364,hyena cub,en
365,hypnose,fr
366,Icon of CHrist descendin,en
367,ilhan omar,en
368,image of 10 commandments,en
369,imges,en
370,immunsuppressiva,de
371,impossible burger,en
372,Impression Sunrise,en
373,Ina offical Intro.jpg,en
374,inclined plane,en
375,Incredulity of Thomas,en
376,Insecure season 4,en
377,instalar google crom,pt
378,iphone,en
379,Irischer Segen,en
380,ishihara,en
381,Israel coin,en
382,ISRAEL EMBLEM,en
383,isro,en
384,Ivan duque,en
385,Izu hakone bus,en
386,jacques veyrat,en
387,Jalil balirmo,en
388,Jami Masjid Minar,en
389,japanese family crest seto,en
390,jean michel basquiat,en
391,jeans kaufen,en
392,Jenny Scordamaglia,en
393,Jiangze men,en
394,Jigoro kané,en
395,Jimaguayu,en
396,jnr 20 series pc,en
397,joanna maranhão,en
398,johan fredrik krouthén,en
399,Johann Karsch,en
400,John 1 codex Sinaiticus,en
401,John Zeglis,en
402,johnson and johnson,en
403,jonas boldt,en
404,jorge labarga,en
405,JUles-Aimé Grosclaude,en
406,Justin bieber,en
407,k-beauty,en
408,Kadan,en
409,kaiulani liliuokalani,en
410,Kaki+no+tane,en
411,Kamaz Typhoon,en
412,karden lothar,en
413,katzenkönig,de
414,kaycee barnes,en
415,Kazunari Ninomiya,en
416,kenneth arnold,en
417,Kenyon Ranch in Arizona,en
418,kerogen,en
419,keyloger,en
420,Khorezm PSR,en
421,Kiff No Beat Yahh,en
422,kraagste* Brielle,nl
423,Krishna Anubhav,en
424,kurd cia,en
425,Kwai yung court,en
426,"KZ Mauthausen, jugendliche Häftlinge",de
427,la familia de falipe IV Velazquez,es
428,La Rue des nations,fr
429,Lactqm-lactim tautomerism or xanthine,en
430,"Lake george, ny",en
431,Lambert Jacobsz - Samuel and Saul,en
432,land from space,en
433,laotian refugees,en
434,lasse braun,en
435,Lastenfahrrad,de
436,le fort fractures,en
437,Le pass frameries,en
438,Leetcode,en
439,Leeuwarden winter,en
440,leila slimani,en
441,Limits-to-growth-figure-35.svg,en
442,lion couchant,en
443,Lirr service orion v,en
444,List of apps,en
445,List of Latin phrases in A Canticle for Leibowitz,en
446,little nemo,en
447,little read riding hood,en
448,Liyuanschool,en
449,loa paloma,en
450,Location madinah airport,en
451,locust,en
452,Logiciel de de decodage,fr
453,london in the winter,en
454,Lophichthys boschmai,en
455,Loratadine synthesis,en
456,Lorch,en
457,louis adamič,en
458,"ltym gj, tls",en
459,lymphoma neck,en
460,machaut,en
461,Maclay_Gardens_pond_in_April_,en
462,magazyn99,en
463,magritte,en
464,mainz KAISERBRÜCKE,en
465,Maize Hirono,en
466,MAKATA,en
467,Malacatán,en
468,mammogram,en
469,man body,en
470,Man lamb,en
471,Manchester City players,en
472,mantegna beweinung,de
473,map of africa,en
474,mapa de europa,es
475,maquiagen,pt
476,marché saint jean de luz,fr
477,marine life in Mozambique,en
478,Marquess of la Ría de Ribadeo,en
479,Marzichi Lenzi,en
480,massard homer,en
481,Mats Bladh,en
482,Mawmluh,en
483,maya angelou,en
484,MAZ,en
485,Mazda Concept Vision Coupé,en
486,Medical illustrations and images,en
487,MEDICAL MASK,en
488,meg Griffin,en
489,Mehr News,en
490,Menthyl acetate,en
491,mercado san angel,es
492,Mhar monastery,en
493,Michelides CASALECCHIO,en
494,microsoft power apps,en
495,Mikolin dwór,pl
496,minor ouflying island,en
497,miss gulch,en
498,MizIk,en
499,mohammad ali,en
500,montalvo arts center,en
501,mønter valdemar,da
502,moog song producer,en
503,Moonstone & It’s uses & or beneficial benefits & property’s ?,en
504,moral education,en
505,Morte di felicia impastato,it
506,morte joseph stain,fr
507,Mosh,en
508,Mother Emanuel AME Church Charleston,en
509,Mount Ranier,en
510,Movie hd,en
511,Mozart Requiem,en
512,Mp  coron update,en
513,mpeg,en
514,Mr peabody and sherman,en
515,MR21,en
516,multicam black,en
517,münchen s7,de
518,musee des blindes,fr
519,Musicians Union UK,en
520,mutismo selettivo,it
521,Nachhaltige Waldwirtschaft,de
522,nadh,en
523,Nadia cassini,en
524,nana logo,en
525,NATIONAL MONUMENT,en
526,national museum of african american,en
527,nazi germany,en
528,necsum,en
529,Nelson mandela in prison video,en
530,Nenne 2 Länder in denen über 90% der Menschen in der Stadt leben,de
531,Nepal Floods,en
532,netanyahu,en
533,new testament greek,en
534,new video,en
535,new york 19th century,en
536,Nicki Minaj in 2017,en
537,Ningth,en
538,nlp,en
539,north sentinental,en
540,Notre Dame Paris,en
541,Ntsan'wisi,en
542,nya studenternas,sv
543,Oakland Coliseum,en
544,Ofmom,en
545,Olivia lopez,en
546,Oncorhynchus clarkii,en
547,onomástica santa isabel,es
548,op het puin,nl
549,Optare solo,en
550,optimates,en
551,Orthomode Transducer,en
552,Österreich Nationalsozialismus,de
553,Ottomans tugra,en
554,OUVER CAMPING OLERON,en
555,oz china country,en
556,özgür ansiklopedi,tr
557,paintings paço duques bragança,en
558,Palazzo Ducale,it
559,palm bay,en
560,Pandit din dayal,en
561,paramount pictures,en
562,Paraque sirve la cascara de jiñocuabo,es
563,"paricá mura ""alexandre""",pt
564,Paris 1991,en
565,paweł zacharek,en
566,peder Claussøn friis,en
567,Pedro Andrade,en
568,peppermint,en
569,percdentuiale gradimento partiti tedeschi,it
570,periplasm,en
571,perpetum mobile,en
572,pet monomer,en
573,Peyton List,en
574,pfarrhaus nikolaikirche leipzig,de
575,Pharaoh dream,en
576,photo booth mall,en
577,Photos of the battle ship bismarck,en
578,Photosynthesis.GIF,en
579,Pierwszy w Polsce Harcerski Klub Wikipedystów rozpoczyna działalnoś,pl
580,pilot,en
581,Pintura rupestre,es
582,pixies in art,en
583,plantbased,en
584,pmp,en
585,Pocatello,en
586,poluição são paulo,pt
587,Ponte Aldo Pereira de Andrade ou Ponte de Ferro Blumenau SC (26011360837).jpg,fr
588,Prairie voles,en
589,praise and worship,en
590,Premium Times subscription,en
591,Price la fite eine,en
592,PRINCE OF PERSIA,en
593,Proclamation election Burundi,en
594,PROSTITLE,en
595,puente blanco,en
596,Purple Passionflower,en
597,puvis de chavannes childhood,en
598,qashqai,en
599,quadrillion.png,en
600,Quee elizabeth,en
601,rafting rishikesh,en
602,Rai  tv,en
603,rani mukherjee,en
604,rb4CM198QTGDP1qojusL5Qk,en
605,rbtd,en
606,Reagan Gorbachev,en
607,Red roum,en
608,rembrandt drawing,en
609,remora fish,en
610,restaurant berliner platz,en
611,Rimjob,en
612,rio grande gorge new mexico,en
613,rite of spring,en
614,roddy rich,en
615,roger goodell,en
616,Rögös túró,hu
617,roller coaster lift hill yankee cannobball,en
618,roman empire map,en
619,ROMAN KILS,en
620,romy and michelle's highschool reunion,en
621,ROOPESH KIZHAKKEDATH,en
622,Rooplo kohli,en
623,Rosy maple moth,en
624,roux cesar,en
625,Rovan 45cc,en
626,rpm philippines,en
627,rue du trésor québec,en
628,Rumus phitagoras,id
629,run symbol,en
630,Sabbatai Zevi,en
631,sabella Clara Eugenia,en
632,sailor embraced nurse,en
633,saint joseph carpenter,en
634,saint-moucherett,en
635,Sainte-Chapelle windows,en
636,salesianergasse,en
637,Salvo lima palermo,en
638,Sam walton,en
639,Samguk yusa,en
640,Sami shaman,en
641,San Wui Commercial Society YMCA of Hong Kong Christian School,en
642,Sandra,en
643,Sandwich ELISA,en
644,sara cunial,en
645,sas a350,en
646,Savana,en
647,savonarola,en
648,scallop,en
649,scanner,en
650,Scaptomyza nigrita,en
651,Schloss 2020,nl
652,schnaufer calw,de
653,schokoladenkuechlein mit,de
654,schroefboog,nl
655,Scoop Vessels Ford F-100,en
656,screaming boy,en
657,scripture,en
658,second french empire,en
659,Seine gelée,fr
660,Serengeti 2008,en
661,Sexual Dimorphism,en
662,Shirime,en
663,Shwaun Mkhize,en
664,Siam park,en
665,Signal shock,en
666,Sing,en
667,Siswi,id
668,Sitta,en
669,Skin cancer,en
670,Skin diamond,en
671,skirts 1903,en
672,slave auction,en
673,slavery canada,en
674,slavery slaves,en
675,smart home,en
676,Smriti Gokarn,en
677,sojobo,en
678,söndrums hembygdsgård,en
679,song,en
680,south africa community health workers,en
681,space x,en
682,SPACEPOWER LOGO,en
683,Sporerhandwerk,da
684,sport equipment,en
685,ss-201,en
686,st paul IV pope,en
687,st tiago de compostella,en
688,Staffordshire bullterrier,en
689,Stanisław Kowalski,en
690,Star Nutzfahrzeuge,de
691,starry night,en
692,statue pincoi,en
693,Stazione centrale milano,it
694,steve hunter,en
695,Still Life with Five Bottles,en
696,Strainihg,en
697,strawberry moon,en
698,strogonoff,en
699,students asian,en
700,study abroad at santa clara university,en
701,Stworzenie Adama(musisz,pl
702,submission of application,en
703,Südeuropa,de
704,sulfide,en
705,sumo wrestling,en
706,sun cartoon png,en
707,Sunexpress Deutschland,de
708,superhero,en
709,Survivor Winners at War logo,en
710,svg fasces,en
711,sweatt,en
712,t-800,en
713,table sets,en
714,tabula de peutinger,en
715,taipei grand hotel zero,en
716,tank icon,en
717,Tatlısu wheel,en
718,tauras,en
719,temporomandibular,en
720,tencemena,en
721,teosophy,en
722,tertiary+protein,en
723,Tetraedro,es
724,texas flag,en
725,The Hall of the Months in Palazzo Schifanoia,en
726,The iron giant,en
727,The Lincolnshire Poacher,en
728,The Spoony Experiment,en
729,thesis,en
730,Thibaut,en
731,thriller Michael jackson,en
732,throne room,en
733,Tiger Tank,en
734,tihamer jenei,en
735,titanic plans,en
736,TM 1-1500-204-23-11,en
737,tnder date,en
738,Todd Spiewak,en
739,Tog1,en
740,tom jobim,en
741,tom platz,en
742,Torneo profesional de golf hoy,es
743,totem sioux,en
744,town seal massachusetts,en
745,Toyota granvia,en
746,Tradition nomade,fr
747,transcendental meditation,en
748,transformer label,en
749,Transfuge magazine,en
750,treasure pot,en
751,tube,en
752,tulip illustration,en
753,tulipier de virginei,fr
754,tv 50,en
755,twister game,en
756,Tyffani Hoppkins,en
757,Tylenol nomogram,en
758,ufw eagle,en
759,uncategorized street,en
760,United 93,en
761,Univision tdn,en
762,Uplayer,en
763,us history,en
764,uss alabama,en
765,V put,en
766,Vaca gallwga 3d,es
767,vaccinaiton,en
768,Valencia Venezuela SVGA,en
769,Van Eyck van den poele,en
770,van halen,en
771,Vanessa Guillen,en
772,vector map laos,en
773,Vedel,en
774,vendôme county,en
775,verleiuhng zetler preis,de
776,verreries,en
777,very large telescope chile,en
778,Videos plato magdale,en
779,VIII. Louis,en
780,Viki Slavin,en
781,viking broach,en
782,Viktor Abakumov,en
783,Virchow,en
784,virus covid-19,en
785,visual sensory,en
786,Votive relief,en
787,Vrengen,en
788,Vw faw,en
789,wahgi,en
790,wan chai north piers,en
791,Was ist der Mensch ? antwort von Pico  della Mirandola,de
792,washington D.C. 1960s,en
793,wayata high school,en
794,west african music,en
795,west europa,en
796,whale and calf,en
797,What’s Up,en
798,When acetone is distilled with conc. H2SO4,en
799,white cargo theatre 1920s,en
800,Whitworth station,en
801,wiessensee,en
802,wikimedia armenia,en
803,Wikipediaprofilescondemnedtohell,en
804,wild rose by redoute,en
805,Will guller,en
806,wilma mankiller,en
807,Windrad,en
808,wine food,en
809,Wolfgang Mewes,en
810,woman icon,en
811,wombat mange,en
812,world beard and mustache chempionships,en
813,Worms have hydrostatic skeletons,en
814,X ray,en
815,XHGC,en
816,xml,en
817,Yamaha yb100,en
818,yogi bear,en
819,Z1-R TC,en
820,zaatari,en
821,znak,pl
822,zsiga,hu
823,zuvhwil,en
824,антарктика,uk
825,верша,be
826,дом гауди,ru
827,Индийская тук-тук индейская tucson,ru
828,История Западной Европы в Новое время,ru
829,коронд,mn
830,лазаров,mk
831,невского перозаводск,ru
832,примирение,ru
833,проскура,uk
834,пятерочка,ru
835,рембранд,bg
836,Улицахан аспарус,bg
837,Уфалей,uk
838,Ученые записки Казанского университета,ru
839,Чангиякбаяк,tg
840,Արցախյան ազատամարտի զոհերի հուշարձան Վանք գյուղում,hy
841,אילת כהנא,he
842,זעמן זיתני,he
843,پفک,fa
844,سفر نامه,ar
845,علیرضا موحد دانش,fa
846,لرزاننده,fa
847,لطفي بندقة,ar
848,مهم‌ترین بیمارستان سن خوزه برای سرطان,fa
849,অায়াত,bn
850,যৌনতা,bn
851,รหัสไปรษณีย์สกลนคร,th
852,가슴,ko
853,독립운동,ko
854,라리가 1941-42,ko
855,지수,ko
856,천지창조,ko
857,청포도,ko
858,페러데이,ko
859,バイオハザード,ja
860,バンクーバー　オリンピック,ja
861,プリマポルタのアウグストゥス帝,ja
862,ブログニュース 〜その日に一番、ブログでホットな話題を紹介します〜 - ライブドアブログ,ja
863,五線譜,zh
864,十殿閻羅,zh
865,国旗,zh
866,弥勒菩薩,zh
867,必看的恐怖片,zh
868,日本春宫册页《女人和狗》.jpg,zh
869,昆虫,zh
870,李瑞鎮,zh
871,歩兵銃,zh
872,粘,zh
873,臺北大縱走,zh
874,西安事變,zh
875,転写調節,zh
876,鷹,zh
877,coronavirus,en
878,covid 19,en
879,world map,en
880,donald trump,en
881,black lives matter,en
882,van gogh,en
883,earth,en
884,george floyd,en
885,brain,en
886,leonardo da vinci,en
887,dog,en
888,covid,en
889,cat,en
890,computer,en
891,vincent van gogh,en
892,monet,en
893,picasso,en
894,music,en
895,facebook,en
896,wikipedia,en
897,dna,en
898,map,en
899,woman,en
900,books,en
901,claude monet,en
902,moon,en
903,magdeburg,en
904,heart,en
905,corona,en
906,trump,en
907,sun,en
908,art,en
909,apple,en
910,jesus,en
911,beach,en
912,flowers,en
913,martin luther king jr,en
914,paris,en
915,mona lisa,en
916,south korea map svg,en
917,china,en
918,painting,en
919,forest,en
920,book,en
921,joe biden,en
922,virus,en
923,car,en
924,youtube,en
925,google,en
926,space,en
927,people,en
928,food,en
929,corona virus,en
930,google art project,en
931,juneteenth,en
932,india,en
933,svg,en
934,new york city,en
935,money,en
936,frida kahlo,en
937,gustav klimt,en
938,argenberg,en
939,video,en
940,fire,en
941,water,en
942,twitter,en
943,south korea,en
944,nature,en
945,mars,en
946,michelangelo,en
947,lion,en
948,london,en
949,instagram,en
950,school,en
951,classroom,en
952,wnbr,en
953,library,en
954,hitler,en
955,flower,en
956,france,en
957,beethoven,en
958,pentecost,en
959,spanish flu,en
960,human,en
961,europe,en
962,tree,en
963,world war ii,en
964,venus,en
965,star wars,en
966,american flag,en
967,pablo picasso,en
968,caravaggio,en
969,japan,en
970,rembrandt,en
971,globe,en
972,ocean,en
973,female,en
974,albrecht dürer,en
975,frog,en
976,fish,en
977,emoji,en
978,slavery,en
979,butterfly,en
980,tiger,en
981,horse,en
982,edvard munch,en
983,bill gates,en
984,george washington,en
985,michael jordan,en
986,doctor,en
987,portrait,en
988,abraham lincoln,en
989,flag,en
990,china provinces,en
991,human body,en
992,football,en
993,egon schiele,en
994,paul klee,en
995,sky,en
996,harry potter,en
997,da vinci,en
998,wolf,en
999,nelson mandela,en
1000,nasa,en
1001,sunset,en
1002,women,en
1003,albert einstein,en
1004,logo,en
1005,stars,en
1006,neuron,en
1007,queen elizabeth ii,en
1008,isaac newton,en
1009,children,en
1010,videos,en
1011,titanic,en
1012,henri matisse,en
1013,family,en
1014,protest,en
1015,solar system,en
1016,adolf hitler,en
1017,einstein,en
1018,bacteria,en
1019,coffee,en
1020,anime,en
1021,pizza,en
1022,elon musk,en
1023,winston churchill,en
1024,klimt,en
1025,bird,en
1026,galaxy,en
1027,charles darwin,en
1028,rainbow,en
1029,robot,en
1030,anthony van dyck,en
1031,police,en
1032,sexual identity symbols,en
1033,internet,en
1034,berlin,en
1035,united states,en
1036,landscape,en
1037,man,en
1038,nurse,en
1039,australia,en
1040,eiffel tower,en
1041,barack obama,en
1042,public domain,en
1043,house,en
1044,mask,en
1045,mozart,en
1046,statue of liberty,en
1047,marilyn monroe,en
1048,love,en
1049,edgar degas,en
1050,vietnam war,en
1051,europe map,en
1052,maps,en
1053,korea,en
1054,clock,en
1055,martin luther king,en
1056,european union,en
1057,clouds,en
1058,flags,en
1059,cow,en
1060,florence nightingale,en
1061,anatomy,en
1062,baby,en
1063,dragon,en
1064,education,en
1065,laptop,en
1066,world,en
1067,cats,en
1068,amazon,en
1069,plague,en
1070,face mask,en
1071,elephant,en
1072,kandinsky,en
1073,renoir,en
1074,venus berlin,en
1075,william blake,en
1076,greta thunberg,en
1077,canada,en
1078,paintings,en
1079,eye,en
1080,africa,en
1081,white house,en
1082,hong kong,en
1083,science,en
1084,jupiter,en
1085,maps of the world,en
1086,icon,en
1087,usa,en
1088,icons,en
1089,yoga,en
1090,дажо,mk
1091,caspar david friedrich,en
1092,cell,en
1093,napoléon bonaparte,en
1094,facebook logo,en
1095,edward hopper,en
1096,boris johnson,en
1097,bible,en
1098,john singer sargent,en
1099,aristotle,en
1100,basketball,en
1101,iphone,en
1102,wikimedia commons,en
1103,world war i,en
1104,mexico,en
1105,skull,en
1106,office,en
1107,gustave doré,en
1108,rose,en
1109,question mark,en
1110,susudela,en
1111,climate change,en
1112,mark twain,en
1113,steve jobs,en
1114,parthenon,en
1115,milky way,en
1116,writing,en
1117,hand,en
1118,germany,en
1119,south korea map,en
1120,minecraft,en
1121,flickr com photos reviewed confirmed verified cropped extracted nasa,en
1122,technology,en
1123,jacques louis david,en
1124,category,en
1125,matisse,en
1126,body painting,en
1127,gif,en
1128,russia,en
1129,atom,en
1130,artificial intelligence,en
1131,pandemic,en
1132,renaissance art,en
1133,shakespeare,en
1134,hospital,en
1135,karl marx,en
1136,cartoon,en
1137,desert,en
1138,bts,en
1139,world map svg,en
1140,war,en
1141,john f kennedy,en
1142,birds,en
1143,egypt,en
1144,friends,en
1145,john lewis,en
1146,andy warhol,en
1147,film,en
1148,netflix,en
1149,botticelli,en
1150,johannes vermeer,en
1151,new york,en
1152,mountains,en
1153,racism,en
1154,socrates,en
1155,gold,en
1156,snake,en
1157,bee,en
1158,singapore,en
1159,william adolphe bouguereau,en
1160,ronald reagan,en
1161,stalin,en
1162,social media,en
1163,queen victoria,en
1164,ve day,en
1165,lightning,en
1166,elvis presley,en
1167,israel,en
1168,television,en
1169,sars cov 2,en
1170,camera,en
1171,airplane,en
1172,bear,en
1173,pregnancy,en
1174,xi jinping,en
1175,teacher,en
1176,shark,en
1177,rain,en
1178,berlin wall,en
1179,usa flag,en
1180,javascript,en
1181,buddha,en
1182,periodic table,en
1183,banana,en
1184,summer,en
1185,city,en
1186,reading,en
1187,zeus,en
1188,zoom,en
1189,factory,en
1190,sunrise,en
1191,marie curie,en
1192,covid 19 pandemic in sweden,en
1193,martin luther,en
1194,saturn,en
1195,civil rights,en
1196,winslow homer,en
1197,starry night,en
1198,church,en
1199,banksy,en
1200,william morris,en
1201,rosa parks,en
1202,animals,en
1203,lychakiv cemetery,en
1204,charlie chaplin,en
1205,taj mahal,en
1206,soccer,en
1207,van gogh works by date,en
1208,napoleon,en
1209,ulmus minor,en
1210,skeleton,en
1211,spain,en
1212,social distancing,en
1213,girl,en
1214,ufo,en
1215,star,en
1216,dogs,en
1217,salvador dalí,es
1218,cezanne,en
1219,fireworks,en
1220,movie poster,en
1221,civil war,en
1222,industrial revolution,en
1223,marie antoinette,en
1224,piano,en
1225,italy,en
1226,sea,en
1227,alexander the great,en
1228,chess,en
1229,los angeles,en
1230,laboratory,en
1231,hawaii,en
1232,black death,en
1233,jonasbr,en
1234,angela merkel,en
1235,paul gauguin,en
1236,a,en
1237,tokyo,en
1238,san francisco,en
1239,train,en
1240,henri rousseau,en
1241,rabbit,en
1242,smartphone,en
1243,bat,en
1244,vermeer,en
1245,argentina,en
1246,movies,en
1247,fox,en
1248,rome,en
1249,amphibians,en
1250,coat of arms,en
1251,johann sebastian bach,en
1252,vaccine,en
1253,octopus,en
1254,running,en
1255,hands,en
1256,hieronymus bosch,en
1257,william shakespeare,en
1258,disney,en
1259,jerusalem,en
1260,obama,en
1261,norman rockwell,en
1262,thomas jefferson,en
1263,mouse,en
1264,gandhi,en
1265,michael jackson,en
1266,sheep,en
1267,google logo,en
1268,face,en
1269,transgender,en
1270,us flag,en
1271,monkey,en
1272,roman empire,en
1273,phone,en
1274,2020 eichsfeld,en
1275,greece,en
1276,benjamin franklin,en
1277,microsoft,en
1278,photoshop,en
1279,united nations,en
1280,bicycle,en
1281,night sky,en
1282,j m w turner,en
1283,arrow,en
1284,chemistry,en
1285,peter paul rubens,en
1286,paul cézanne,en
1287,poster,en
1288,salvador dali,en
1289,cloud,en
1290,warszawa,pl
1291,justice,en
1292,images,en
1293,frederick douglass,en
1294,health,en
1295,kraków,pl
1296,plato,en
1297,goya,en
1298,vintage,en
1299,wikipedia logo,en
1300,kanye west,en
1301,fashion,en
1302,bouguereau,en
1303,rubens,en
1304,beer,en
1305,pompeii,en
1306,garden,en
1307,twitter logo,en
1308,colosseum,en
1309,korean war,en
1310,adam and eve,en
1311,sunflower,en
1312,joan of arc,en
1313,male,en
1314,amedeo modigliani,en
1315,prison,en
1316,vietnam,en
1317,photography,en
1318,guitar,en
1319,turkey,en
1320,heraldry,en
1321,mountain,en
1322,medicine,en
1323,kidney,en
1324,dance,en
1325,sport,en
1326,cross,en
1327,pierre auguste renoir,en
1328,species flowers,en
1329,jesus christ,en
1330,radio,en
1331,microsoft logo svg,en
1332,cake,en
1333,versailles,en
1334,microscope,en
1335,dinosaur,en
1336,new zealand,en
1337,diamond,en
1338,river,en
1339,baseball,en
1340,whatsapp,en
1341,student,en
1342,law,en
1343,blood,en
1344,periodic table of elements,en
1345,apollo 11,en
1346,mary cassatt,en
1347,machu picchu,en
1348,truck,en
1349,beatles,en
1350,julius caesar,en
1351,charles dickens,en
1352,castle,en
1353,witch,en
1354,c,en
1355,bach,en
1356,tesla,en
1357,history,en
1358,trees,en
1359,alien,en
1360,chicago,en
1361,movie,en
1362,guernica,en
1363,madonna,en
1364,barcelona,en
1365,facial,en
1366,antarctica,en
1367,manet,en
1368,telephone,en
1369,china map,en
1370,death,en
1371,malcolm x,en
1372,brasil,pt
1373,portugal,en
1374,volcano,en
1375,party,en
1376,universe,en
1377,breastfeeding,en
1378,jane austen,en
1379,sherlock holmes,en
1380,magnifying glass,en
1381,françois boucher,en
1382,violin,en
1383,holy spirit,en
1384,body,en
1385,the beatles,en
1386,iran,en
1387,great depression,en
1388,ascension of christ,en
1389,brad pitt,en
1390,maz,en
1391,business,en
1392,eagle,en
1393,cold war,en
1394,christopher columbus,en
1395,pollution,en
1396,tarot,en
1397,drawing,en
1398,crowd,en
1399,crown,en
1400,newspaper,en
1401,rat,en
1402,child,en
1403,nebula,en
1404,mondrian,en
1405,last supper,en
1406,god,en
1407,bread,en
1408,coca cola,en
1409,apple logo,en
1410,sleep,en
1411,pangolin,en
1412,kama sutra,en
1413,meditation,en
1414,cannabis,en
1415,bob dylan,en
1416,childbirth,en
1417,cristiano ronaldo,en
1418,french revolution,en
1419,lady gaga,en
1420,buffalo,en
1421,lungs,en
1422,stonehenge,en
1423,pride flag,en
1424,android,en
1425,pig,en
1426,nackt,en
1427,owl,en
1428,piercing,en
1429,theodore roosevelt,en
1430,d day,en
1431,data,en
1432,chicken,en
1433,black hole,en
1434,depression,en
1435,silhouette,en
1436,brazil,en
1437,hagia sophia,en
1438,whale,en
1439,little richard,en
1440,george floyd protest,en
1441,grass,en
1442,taylor swift,en
1443,holocaust,en
1444,harriet tubman,en
1445,winter playground,en
1446,mandala,en
1447,indonesia,en
1448,horses,en
1449,dali,en
1450,grand canyon,en
1451,travel,en
1452,guido reni,en
1453,compass,en
1454,students,en
1455,mermaid,en
1456,thinking,en
1457,waterfall,en
1458,dolphin,en
1459,batman,en
1460,python,en
1461,beyonce,en
1462,the last supper,en
1463,smile,en
1464,venice,en
1465,george floyd protests,en
1466,microphone,en
1467,math,en
1468,lebron james,en
1469,graduation,en
1470,commons,en
1471,american civil war,en
1472,thermometer,en
1473,jackson pollock,en
1474,seoul,en
1475,sports,en
1476,kobe bryant,en
1477,rené magritte,en
1478,el greco,en
1479,jazz,en
1480,voting,en
1481,asia,en
1482,fantasy,en
1483,anne frank,en
1484,strawberry,en
1485,tornado,en
1486,earthquake,en
1487,deutschland,en
1488,hokusai,en
1489,wheat,en
1490,person,en
1491,hair,en
1492,apollo,en
1493,html,en
1494,poland,en
1495,audrey hepburn,en
1496,evolution,en
1497,united kingdom,en
1498,sword,en
1499,ice cream,en
1500,pregnant,en
1501,camille pissarro,en
1502,liver,en
1503,george w bush,en
1504,communication,en
1505,1920s,en
1506,fra angelico,en
1507,scotland,en
1508,marc chagall,en
1509,handshake,en
1510,soviet union,en
1511,lenin,en
1512,virgin mary,en
1513,cleopatra,en
1514,diversity,en
1515,declaration of independence,en
1516,oscar wilde,en
1517,male nude,en
1518,fruit,en
1519,plants,en
1520,oil painting,en
1521,colombia,en
1522,deforestation,en
1523,boat,en
1524,bottomless,en
1525,covid 19 pandemic in berlin,en
1526,mcdonald s,en
1527,jennifer aniston,en
1528,copyright,en
1529,john constable,en
1530,chernobyl,en